Feature,Coefficient,Absolute_Coefficient
EXT_SOURCE_1,474,474
EXT_SOURCE_2,392,392
PAYMENT_RATE,383,383
EXT_SOURCE_3,343,343
DAYS_BIRTH,265,265
AMT_ANNUITY,240,240
DAYS_EMPLOYED,221,221
ANNUITY_INCOME_PERC,205,205
DAYS_ID_PUBLISH,183,183
DAYS_EMPLOYED_PERC,181,181
APPROVED_CNT_PAYMENT_MEAN,176,176
ACTIVE_DAYS_CREDIT_MAX,175,175
DAYS_REGISTRATION,169,169
INSTAL_DPD_MEAN,155,155
ACTIVE_DAYS_CREDIT_ENDDATE_MIN,155,155
AMT_CREDIT,154,154
AMT_GOODS_PRICE,153,153
INSTAL_DAYS_ENTRY_PAYMENT_MAX,147,147
PREV_CNT_PAYMENT_MEAN,146,146
INSTAL_AMT_PAYMENT_SUM,135,135
DAYS_LAST_PHONE_CHANGE,132,132
CLOSED_DAYS_CREDIT_MAX,125,125
OWN_CAR_AGE,124,124
INSTAL_AMT_PAYMENT_MIN,124,124
ACTIVE_DAYS_CREDIT_ENDDATE_MEAN,124,124
BURO_AMT_CREDIT_MAX_OVERDUE_MEAN,124,124
INCOME_CREDIT_PERC,123,123
INSTAL_DBD_SUM,122,122
BURO_DAYS_CREDIT_MAX,120,120
REGION_POPULATION_RELATIVE,117,117
CC_CNT_DRAWINGS_ATM_CURRENT_MEAN,113,113
INSTAL_DBD_MAX,110,110
CLOSED_AMT_CREDIT_SUM_MEAN,109,109
INSTAL_PAYMENT_DIFF_MEAN,109,109
INSTAL_DBD_MEAN,109,109
BURO_DAYS_CREDIT_ENDDATE_MEAN,109,109
ACTIVE_DAYS_CREDIT_UPDATE_MEAN,107,107
CLOSED_AMT_CREDIT_SUM_SUM,107,107
APPROVED_DAYS_DECISION_MAX,107,107
BURO_DAYS_CREDIT_ENDDATE_MAX,107,107
CLOSED_DAYS_CREDIT_ENDDATE_MAX,105,105
BURO_DAYS_CREDIT_MEAN,104,104
ACTIVE_DAYS_CREDIT_MEAN,103,103
POS_MONTHS_BALANCE_SIZE,103,103
INCOME_PER_PERSON,102,102
PREV_HOUR_APPR_PROCESS_START_MEAN,99,99
PREV_APP_CREDIT_PERC_MIN,98,98
INSTAL_DAYS_ENTRY_PAYMENT_MEAN,98,98
ACTIVE_AMT_CREDIT_MAX_OVERDUE_MEAN,97,97
INSTAL_DAYS_ENTRY_PAYMENT_SUM,94,94
BURO_AMT_CREDIT_SUM_MEAN,94,94
PREV_AMT_ANNUITY_MIN,91,91
INSTAL_PAYMENT_PERC_MEAN,91,91
PREV_NAME_YIELD_GROUP_high_MEAN,90,90
APPROVED_AMT_ANNUITY_MEAN,90,90
BURO_AMT_CREDIT_SUM_DEBT_MEAN,89,89
CLOSED_DAYS_CREDIT_SUM,88,88
CLOSED_DAYS_CREDIT_UPDATE_MEAN,86,86
ACTIVE_AMT_CREDIT_SUM_DEBT_MEAN,86,86
PREV_DAYS_DECISION_MAX,86,86
ACTIVE_DAYS_CREDIT_ENDDATE_MAX,85,85
BURO_AMT_CREDIT_SUM_SUM,85,85
ACTIVE_AMT_CREDIT_SUM_SUM,85,85
PREV_APP_CREDIT_PERC_MEAN,85,85
PREV_DAYS_DECISION_MEAN,84,84
PREV_APP_CREDIT_PERC_VAR,83,83
PREV_AMT_DOWN_PAYMENT_MAX,83,83
ACTIVE_AMT_CREDIT_SUM_MEAN,83,83
INSTAL_AMT_INSTALMENT_MAX,83,83
POS_MONTHS_BALANCE_MEAN,82,82
POS_NAME_CONTRACT_STATUS_Active_MEAN,82,82
ACTIVE_DAYS_CREDIT_SUM,81,81
APPROVED_CNT_PAYMENT_SUM,81,81
INSTAL_PAYMENT_DIFF_MAX,81,81
CLOSED_DAYS_CREDIT_ENDDATE_MEAN,78,78
PREV_AMT_ANNUITY_MEAN,78,78
POS_MONTHS_BALANCE_MAX,77,77
APPROVED_APP_CREDIT_PERC_VAR,76,76
POS_SK_DPD_DEF_MEAN,76,76
ACTIVE_AMT_CREDIT_SUM_DEBT_SUM,76,76
APPROVED_APP_CREDIT_PERC_MEAN,76,76
APPROVED_HOUR_APPR_PROCESS_START_MEAN,75,75
APPROVED_APP_CREDIT_PERC_MIN,74,74
APPROVED_DAYS_DECISION_MEAN,74,74
BURO_DAYS_CREDIT_SUM,73,73
CLOSED_AMT_CREDIT_SUM_MAX,73,73
APPROVED_AMT_DOWN_PAYMENT_MAX,73,73
BURO_AMT_CREDIT_SUM_MAX,72,72
BURO_CREDIT_TYPE_Microloan_MEAN,71,71
POS_NAME_CONTRACT_STATUS_Completed_MEAN,70,70
AMT_INCOME_TOTAL,69,69
BURO_DAYS_CREDIT_UPDATE_MEAN,69,69
CLOSED_DAYS_CREDIT_ENDDATE_MIN,68,68
INSTAL_PAYMENT_PERC_SUM,67,67
APPROVED_AMT_ANNUITY_MIN,64,64
CLOSED_DAYS_CREDIT_MEAN,64,64
CODE_GENDER,63,63
APPROVED_AMT_CREDIT_MIN,62,62
INSTAL_AMT_PAYMENT_MEAN,62,62
INSTAL_AMT_PAYMENT_MAX,62,62
TOTALAREA_MODE,62,62
CC_AMT_DRAWINGS_ATM_CURRENT_MEAN,61,61
BURO_STATUS_0_MEAN_MEAN,61,61
INSTAL_AMT_INSTALMENT_SUM,61,61
PREV_NAME_YIELD_GROUP_middle_MEAN,60,60
BURO_DAYS_CREDIT_ENDDATE_MIN,60,60
REFUSED_DAYS_DECISION_MAX,60,60
INSTAL_AMT_INSTALMENT_MEAN,59,59
ACTIVE_AMT_CREDIT_SUM_LIMIT_MEAN,58,58
CLOSED_AMT_CREDIT_MAX_OVERDUE_MEAN,58,58
APPROVED_APP_CREDIT_PERC_MAX,58,58
ACTIVE_AMT_CREDIT_SUM_MAX,57,57
PREV_AMT_GOODS_PRICE_MIN,57,57
PREV_AMT_ANNUITY_MAX,57,57
APPROVED_AMT_DOWN_PAYMENT_MEAN,54,54
PREV_NAME_YIELD_GROUP_low_action_MEAN,53,53
HOUR_APPR_PROCESS_START,53,53
APPROVED_AMT_ANNUITY_MAX,51,51
PREV_NAME_SELLER_INDUSTRY_Connectivity_MEAN,51,51
PREV_NAME_CONTRACT_STATUS_Refused_MEAN,51,51
APPROVED_AMT_GOODS_PRICE_MIN,50,50
REFUSED_APP_CREDIT_PERC_VAR,50,50
BURO_AMT_CREDIT_SUM_DEBT_MAX,50,50
PREV_DAYS_DECISION_MIN,50,50
PREV_AMT_DOWN_PAYMENT_MEAN,50,50
CC_CNT_DRAWINGS_CURRENT_MEAN,49,49
PREV_RATE_DOWN_PAYMENT_MAX,49,49
APPROVED_AMT_CREDIT_MAX,49,49
PREV_NAME_CONTRACT_STATUS_Approved_MEAN,48,48
PREV_AMT_APPLICATION_MEAN,47,47
CC_CNT_DRAWINGS_CURRENT_MAX,47,47
PREV_CNT_PAYMENT_SUM,47,47
APPROVED_AMT_CREDIT_MEAN,46,46
INSTAL_PAYMENT_DIFF_SUM,46,46
PREV_WEEKDAY_APPR_PROCESS_START_FRIDAY_MEAN,45,45
INSTAL_PAYMENT_DIFF_VAR,45,45
YEARS_BEGINEXPLUATATION_AVG,45,45
REFUSED_AMT_ANNUITY_MIN,45,45
PREV_NAME_TYPE_SUITE_Unaccompanied_MEAN,44,44
POS_NAME_CONTRACT_STATUS_Signed_MEAN,44,44
BURO_STATUS_X_MEAN_MEAN,44,44
PREV_CHANNEL_TYPE_Country-wide_MEAN,43,43
REFUSED_AMT_CREDIT_MIN,43,43
PREV_RATE_DOWN_PAYMENT_MEAN,43,43
PREV_NAME_YIELD_GROUP_low_normal_MEAN,43,43
LANDAREA_MODE,43,43
PREV_AMT_CREDIT_MAX,43,43
APPROVED_RATE_DOWN_PAYMENT_MEAN,43,43
REFUSED_HOUR_APPR_PROCESS_START_MEAN,43,43
BURO_AMT_CREDIT_SUM_DEBT_SUM,43,43
PREV_WEEKDAY_APPR_PROCESS_START_WEDNESDAY_MEAN,42,42
PREV_NAME_YIELD_GROUP_XNA_MEAN,42,42
ACTIVE_AMT_CREDIT_SUM_DEBT_MAX,41,41
CC_AMT_CREDIT_LIMIT_ACTUAL_SUM,41,41
PREV_NAME_CLIENT_TYPE_New_MEAN,41,41
PREV_CODE_REJECT_REASON_HC_MEAN,40,40
APPROVED_DAYS_DECISION_MIN,40,40
PREV_NAME_PAYMENT_TYPE_XNA_MEAN,40,40
PREV_APP_CREDIT_PERC_MAX,40,40
FLAG_DOCUMENT_3,40,40
DEF_60_CNT_SOCIAL_CIRCLE,39,39
BURO_STATUS_1_MEAN_MEAN,39,39
PREV_WEEKDAY_APPR_PROCESS_START_THURSDAY_MEAN,39,39
ACTIVE_AMT_CREDIT_SUM_LIMIT_SUM,38,38
LANDAREA_AVG,38,38
NONLIVINGAREA_MODE,38,38
BASEMENTAREA_AVG,38,38
REFUSED_DAYS_DECISION_MEAN,38,38
CLOSED_MONTHS_BALANCE_SIZE_SUM,38,38
PREV_NAME_PRODUCT_TYPE_x-sell_MEAN,37,37
APPROVED_RATE_DOWN_PAYMENT_MAX,37,37
PREV_WEEKDAY_APPR_PROCESS_START_SATURDAY_MEAN,37,37
PREV_AMT_GOODS_PRICE_MEAN,37,37
PREV_HOUR_APPR_PROCESS_START_MAX,37,37
NAME_FAMILY_STATUS_Married,37,37
CC_AMT_PAYMENT_CURRENT_MAX,36,36
PREV_AMT_CREDIT_MEAN,36,36
REFUSED_APP_CREDIT_PERC_MIN,36,36
BURO_CREDIT_ACTIVE_Closed_MEAN,36,36
INSTAL_PAYMENT_PERC_VAR,36,36
DEF_30_CNT_SOCIAL_CIRCLE,35,35
INSTAL_DPD_MAX,35,35
REGION_RATING_CLIENT_W_CITY,35,35
POS_SK_DPD_DEF_MAX,34,34
PREV_AMT_CREDIT_MIN,34,34
LIVINGAREA_AVG,34,34
REFUSED_DAYS_DECISION_MIN,34,34
CC_AMT_PAYMENT_CURRENT_MEAN,34,34
OBS_30_CNT_SOCIAL_CIRCLE,34,34
REFUSED_CNT_PAYMENT_MEAN,34,34
PREV_WEEKDAY_APPR_PROCESS_START_TUESDAY_MEAN,34,34
APPROVED_AMT_APPLICATION_MAX,33,33
ACTIVE_MONTHS_BALANCE_SIZE_SUM,33,33
BURO_STATUS_C_MEAN_MEAN,33,33
BURO_AMT_CREDIT_SUM_LIMIT_MEAN,33,33
INSTAL_DPD_SUM,33,33
REFUSED_AMT_CREDIT_MAX,33,33
INSTAL_COUNT,33,33
BASEMENTAREA_MODE,33,33
APPROVED_AMT_APPLICATION_MEAN,32,32
APARTMENTS_AVG,32,32
APPROVED_AMT_DOWN_PAYMENT_MIN,32,32
YEARS_BUILD_AVG,32,32
PREV_WEEKDAY_APPR_PROCESS_START_MONDAY_MEAN,32,32
BURO_AMT_CREDIT_SUM_OVERDUE_MEAN,32,32
PREV_NAME_GOODS_CATEGORY_Audio/Video_MEAN,32,32
ACTIVE_AMT_ANNUITY_MAX,31,31
PREV_NAME_CLIENT_TYPE_Refreshed_MEAN,31,31
PREV_AMT_APPLICATION_MIN,31,31
PREV_NAME_PRODUCT_TYPE_walk-in_MEAN,30,30
PREV_NAME_CLIENT_TYPE_Repeater_MEAN,30,30
REFUSED_HOUR_APPR_PROCESS_START_MAX,30,30
APPROVED_AMT_APPLICATION_MIN,30,30
POS_SK_DPD_MEAN,30,30
APPROVED_AMT_GOODS_PRICE_MEAN,30,30
APPROVED_HOUR_APPR_PROCESS_START_MAX,30,30
POS_SK_DPD_MAX,29,29
REFUSED_AMT_ANNUITY_MAX,29,29
CLOSED_AMT_ANNUITY_MAX,29,29
BURO_MONTHS_BALANCE_SIZE_SUM,29,29
PREV_NAME_GOODS_CATEGORY_Mobile_MEAN,29,29
REFUSED_HOUR_APPR_PROCESS_START_MIN,29,29
COMMONAREA_AVG,29,29
CC_AMT_DRAWINGS_ATM_CURRENT_MAX,28,28
ENTRANCES_AVG,28,28
LIVINGAREA_MEDI,28,28
COMMONAREA_MODE,28,28
LIVINGAREA_MODE,28,28
CC_AMT_CREDIT_LIMIT_ACTUAL_MEAN,28,28
INSTAL_NUM_INSTALMENT_VERSION_NUNIQUE,28,28
CC_AMT_BALANCE_MEAN,28,28
APARTMENTS_MEDI,28,28
BURO_CREDIT_ACTIVE_Active_MEAN,27,27
CC_AMT_DRAWINGS_POS_CURRENT_MAX,27,27
YEARS_BEGINEXPLUATATION_MODE,27,27
CC_AMT_INST_MIN_REGULARITY_MEAN,27,27
PREV_RATE_DOWN_PAYMENT_MIN,26,26
CC_AMT_RECEIVABLE_PRINCIPAL_MIN,26,26
PREV_NAME_PRODUCT_TYPE_XNA_MEAN,26,26
LANDAREA_MEDI,25,25
CLOSED_AMT_ANNUITY_MEAN,25,25
PREV_NAME_TYPE_SUITE_Family_MEAN,25,25
PREV_AMT_DOWN_PAYMENT_MIN,25,25
NAME_INCOME_TYPE_Working,25,25
APARTMENTS_MODE,25,25
ACTIVE_AMT_ANNUITY_MEAN,24,24
PREV_CODE_REJECT_REASON_XAP_MEAN,24,24
PREV_NAME_GOODS_CATEGORY_XNA_MEAN,24,24
BURO_AMT_CREDIT_SUM_LIMIT_SUM,24,24
PREV_CHANNEL_TYPE_Stone_MEAN,24,24
FLOORSMAX_AVG,24,24
OCCUPATION_TYPE_Drivers,24,24
PREV_WEEKDAY_APPR_PROCESS_START_SUNDAY_MEAN,23,23
CC_AMT_DRAWINGS_CURRENT_MEAN,23,23
ORGANIZATION_TYPE_Self-employed,23,23
PREV_NAME_PORTFOLIO_Cash_MEAN,23,23
PREV_NAME_SELLER_INDUSTRY_XNA_MEAN,23,23
BURO_AMT_ANNUITY_MEAN,23,23
LIVINGAPARTMENTS_AVG,22,22
AMT_REQ_CREDIT_BUREAU_YEAR,22,22
AMT_REQ_CREDIT_BUREAU_QRT,22,22
PREV_NAME_PORTFOLIO_Cards_MEAN,22,22
CC_AMT_CREDIT_LIMIT_ACTUAL_MAX,22,22
FLAG_WORK_PHONE,22,22
REG_CITY_NOT_LIVE_CITY,22,22
BURO_AMT_ANNUITY_MAX,21,21
CC_CNT_DRAWINGS_POS_CURRENT_MAX,21,21
BURO_CREDIT_TYPE_Mortgage_MEAN,21,21
PREV_CODE_REJECT_REASON_LIMIT_MEAN,21,21
PREV_AMT_APPLICATION_MAX,21,21
FLOORSMIN_AVG,21,21
REFUSED_APP_CREDIT_PERC_MEAN,21,21
ACTIVE_AMT_CREDIT_SUM_OVERDUE_MEAN,21,21
CC_AMT_BALANCE_MAX,20,20
REFUSED_AMT_DOWN_PAYMENT_MAX,20,20
CLOSED_AMT_CREDIT_SUM_DEBT_MEAN,20,20
PREV_NAME_GOODS_CATEGORY_Computers_MEAN,20,20
PREV_NAME_TYPE_SUITE_Children_MEAN,20,20
PREV_NAME_SELLER_INDUSTRY_Furniture_MEAN,20,20
LIVINGAPARTMENTS_MODE,20,20
CC_AMT_INST_MIN_REGULARITY_MAX,20,20
CC_MONTHS_BALANCE_MEAN,20,20
REFUSED_APP_CREDIT_PERC_MAX,20,20
OCCUPATION_TYPE_Laborers,20,20
PREV_NAME_CONTRACT_STATUS_Canceled_MEAN,19,19
PREV_NAME_PORTFOLIO_POS_MEAN,19,19
REFUSED_CNT_PAYMENT_SUM,19,19
REFUSED_AMT_DOWN_PAYMENT_MIN,19,19
NONLIVINGAREA_AVG,19,19
CC_AMT_PAYMENT_CURRENT_MIN,19,19
CC_AMT_DRAWINGS_ATM_CURRENT_SUM,19,19
YEARS_BUILD_MODE,19,19
PREV_CODE_REJECT_REASON_SCOFR_MEAN,19,19
BURO_CREDIT_ACTIVE_Sold_MEAN,18,18
PREV_NAME_CASH_LOAN_PURPOSE_Repairs_MEAN,18,18
APPROVED_HOUR_APPR_PROCESS_START_MIN,18,18
REFUSED_AMT_CREDIT_MEAN,18,18
REFUSED_AMT_APPLICATION_MIN,18,18
REFUSED_AMT_ANNUITY_MEAN,18,18
CC_AMT_BALANCE_SUM,18,18
CC_CNT_DRAWINGS_CURRENT_SUM,18,18
CC_AMT_PAYMENT_TOTAL_CURRENT_MEAN,17,17
CC_AMT_PAYMENT_CURRENT_SUM,17,17
PREV_NAME_PORTFOLIO_XNA_MEAN,17,17
YEARS_BEGINEXPLUATATION_MEDI,17,17
APPROVED_RATE_DOWN_PAYMENT_MIN,17,17
CC_AMT_RECIVABLE_MEAN,17,17
REFUSED_AMT_GOODS_PRICE_MEAN,17,17
ORGANIZATION_TYPE_School,16,16
PREV_NAME_GOODS_CATEGORY_Furniture_MEAN,16,16
REFUSED_RATE_DOWN_PAYMENT_MIN,16,16
PREV_HOUR_APPR_PROCESS_START_MIN,16,16
REFUSED_AMT_APPLICATION_MEAN,16,16
PREV_PRODUCT_COMBINATION_Cash_MEAN,16,16
CC_CNT_DRAWINGS_ATM_CURRENT_MAX,16,16
NONLIVINGAPARTMENTS_MODE,16,16
PREV_NAME_SELLER_INDUSTRY_Construction_MEAN,16,16
PREV_NAME_CASH_LOAN_PURPOSE_XAP_MEAN,16,16
CC_AMT_RECIVABLE_MAX,16,16
BASEMENTAREA_MEDI,15,15
ORGANIZATION_TYPE_Construction,15,15
CLOSED_AMT_CREDIT_SUM_LIMIT_MEAN,15,15
REFUSED_AMT_APPLICATION_MAX,14,14
CC_AMT_DRAWINGS_CURRENT_MAX,14,14
ENTRANCES_MODE,14,14
PREV_NAME_CASH_LOAN_PURPOSE_XNA_MEAN,14,14
CC_MONTHS_BALANCE_SUM,14,14
CC_AMT_RECEIVABLE_PRINCIPAL_MEAN,14,14
NONLIVINGAPARTMENTS_AVG,13,13
INSTAL_PAYMENT_PERC_MAX,13,13
PREV_CODE_REJECT_REASON_SCO_MEAN,13,13
COMMONAREA_MEDI,13,13
PREV_NAME_SELLER_INDUSTRY_Clothing_MEAN,13,13
OBS_60_CNT_SOCIAL_CIRCLE,13,13
ORGANIZATION_TYPE_Military,13,13
CC_COUNT,13,13
CC_AMT_RECIVABLE_MIN,13,13
CC_AMT_PAYMENT_TOTAL_CURRENT_SUM,13,13
CC_AMT_DRAWINGS_POS_CURRENT_SUM,12,12
REFUSED_AMT_GOODS_PRICE_MIN,12,12
CC_AMT_DRAWINGS_OTHER_CURRENT_MEAN,12,12
PREV_NAME_SELLER_INDUSTRY_Industry_MEAN,12,12
APPROVED_AMT_GOODS_PRICE_MAX,12,12
REGION_RATING_CLIENT,12,12
CC_CNT_DRAWINGS_POS_CURRENT_MEAN,12,12
CC_CNT_INSTALMENT_MATURE_CUM_MEAN,12,12
CC_AMT_PAYMENT_TOTAL_CURRENT_MAX,12,12
CC_AMT_DRAWINGS_POS_CURRENT_MEAN,11,11
LIVINGAPARTMENTS_MEDI,11,11
NONLIVINGAREA_MEDI,11,11
REFUSED_RATE_DOWN_PAYMENT_MAX,11,11
CC_NAME_CONTRACT_STATUS_Active_MEAN,11,11
REFUSED_RATE_DOWN_PAYMENT_MEAN,11,11
CC_CNT_DRAWINGS_POS_CURRENT_MIN,10,10
CC_AMT_DRAWINGS_CURRENT_SUM,10,10
BURO_STATUS_3_MEAN_MEAN,10,10
CLOSED_AMT_CREDIT_SUM_DEBT_MAX,10,10
CLOSED_AMT_CREDIT_SUM_DEBT_SUM,10,10
REFUSED_AMT_DOWN_PAYMENT_MEAN,10,10
PREV_NAME_CASH_LOAN_PURPOSE_Other_MEAN,10,10
POS_NAME_CONTRACT_STATUS_Approved_MEAN,9,9
ORGANIZATION_TYPE_Government,9,9
CC_CNT_DRAWINGS_POS_CURRENT_SUM,9,9
CC_CNT_INSTALMENT_MATURE_CUM_MAX,9,9
ELEVATORS_AVG,9,9
OCCUPATION_TYPE_Accountants,9,9
NAME_FAMILY_STATUS_Separated,9,9
CC_AMT_INST_MIN_REGULARITY_SUM,9,9
FLAG_PHONE,9,9
PREV_NAME_GOODS_CATEGORY_Vehicles_MEAN,9,9
BURO_STATUS_5_MEAN_MEAN,9,9
CC_CNT_INSTALMENT_MATURE_CUM_SUM,9,9
CNT_CHILDREN,9,9
CC_AMT_DRAWINGS_OTHER_CURRENT_SUM,8,8
CC_CNT_DRAWINGS_OTHER_CURRENT_MEAN,8,8
NAME_TYPE_SUITE_Other_B,8,8
FLOORSMAX_MEDI,8,8
WALLSMATERIAL_MODE_Others,8,8
PREV_AMT_GOODS_PRICE_MAX,8,8
REFUSED_AMT_GOODS_PRICE_MAX,8,8
PREV_NAME_TYPE_SUITE_Other_A_MEAN,8,8
PREV_NAME_GOODS_CATEGORY_Homewares_MEAN,8,8
FLAG_OWN_REALTY,8,8
CC_AMT_RECIVABLE_SUM,8,8
LIVE_CITY_NOT_WORK_CITY,7,7
CC_CNT_DRAWINGS_ATM_CURRENT_SUM,7,7
CC_AMT_RECEIVABLE_PRINCIPAL_MAX,7,7
WEEKDAY_APPR_PROCESS_START_MONDAY,7,7
OCCUPATION_TYPE_Managers,7,7
FLOORSMAX_MODE,7,7
CLOSED_AMT_CREDIT_SUM_LIMIT_SUM,7,7
PREV_NAME_CASH_LOAN_PURPOSE_Medicine_MEAN,7,7
PREV_CODE_REJECT_REASON_CLIENT_MEAN,6,6
BURO_STATUS_4_MEAN_MEAN,6,6
YEARS_BUILD_MEDI,6,6
BURO_STATUS_2_MEAN_MEAN,6,6
CC_AMT_RECEIVABLE_PRINCIPAL_SUM,6,6
PREV_NAME_GOODS_CATEGORY_Jewelry_MEAN,6,6
BURO_CREDIT_DAY_OVERDUE_MEAN,6,6
WEEKDAY_APPR_PROCESS_START_THURSDAY,5,5
CC_AMT_DRAWINGS_OTHER_CURRENT_MAX,5,5
PREV_NAME_GOODS_CATEGORY_Medicine_MEAN,5,5
BURO_CREDIT_DAY_OVERDUE_MAX,5,5
FLAG_OWN_CAR,5,5
REG_CITY_NOT_WORK_CITY,5,5
ORGANIZATION_TYPE_Police,5,5
PREV_NAME_TYPE_SUITE_Other_B_MEAN,5,5
PREV_CODE_REJECT_REASON_XNA_MEAN,5,5
WEEKDAY_APPR_PROCESS_START_WEDNESDAY,5,5
ELEVATORS_MODE,5,5
CC_NAME_CONTRACT_STATUS_Completed_MEAN,5,5
FLOORSMIN_MODE,5,5
AMT_REQ_CREDIT_BUREAU_MON,5,5
WEEKDAY_APPR_PROCESS_START_SATURDAY,5,5
PREV_NAME_GOODS_CATEGORY_Tourism_MEAN,4,4
WEEKDAY_APPR_PROCESS_START_FRIDAY,4,4
ENTRANCES_MEDI,4,4
WALLSMATERIAL_MODE_Panel,4,4
PREV_FLAG_LAST_APPL_PER_CONTRACT_N_MEAN,4,4
NAME_TYPE_SUITE_Family,4,4
CC_CNT_DRAWINGS_CURRENT_MIN,4,4
NAME_TYPE_SUITE_Children,4,4
AMT_REQ_CREDIT_BUREAU_WEEK,4,4
NONLIVINGAPARTMENTS_MEDI,4,4
CC_CNT_DRAWINGS_OTHER_CURRENT_MAX,4,4
FLAG_DOCUMENT_5,4,4
WEEKDAY_APPR_PROCESS_START_TUESDAY,4,4
FLAG_DOCUMENT_18,4,4
ORGANIZATION_TYPE_Other,4,4
CNT_FAM_MEMBERS,4,4
CC_MONTHS_BALANCE_MAX,4,4
FLAG_DOCUMENT_8,3,3
CC_AMT_INST_MIN_REGULARITY_MIN,3,3
ORGANIZATION_TYPE_Kindergarten,3,3
FLAG_DOCUMENT_6,3,3
WEEKDAY_APPR_PROCESS_START_SUNDAY,3,3
POS_NAME_CONTRACT_STATUS_Demand_MEAN,3,3
ORGANIZATION_TYPE_Restaurant,3,3
NAME_TYPE_SUITE_Unaccompanied,3,3
CC_NAME_CONTRACT_STATUS_Signed_MEAN,3,3
ORGANIZATION_TYPE_Agriculture,3,3
ORGANIZATION_TYPE_Bank,3,3
ORGANIZATION_TYPE_Realtor,2,2
CC_CNT_DRAWINGS_ATM_CURRENT_MIN,2,2
CC_AMT_TOTAL_RECEIVABLE_MEAN,2,2
CC_AMT_TOTAL_RECEIVABLE_MAX,2,2
NAME_FAMILY_STATUS_Widow,2,2
FLAG_DOCUMENT_13,2,2
WALLSMATERIAL_MODE_Block,2,2
FLAG_DOCUMENT_16,2,2
ACTIVE_CREDIT_DAY_OVERDUE_MAX,2,2
PREV_NAME_CLIENT_TYPE_XNA_MEAN,2,2
ORGANIZATION_TYPE_Medicine,2,2
AMT_REQ_CREDIT_BUREAU_DAY,2,2
ACTIVE_CNT_CREDIT_PROLONG_SUM,2,2
PREV_NAME_CASH_LOAN_PURPOSE_Furniture_MEAN,2,2
PREV_NAME_CASH_LOAN_PURPOSE_Education_MEAN,2,2
ACTIVE_CREDIT_DAY_OVERDUE_MEAN,2,2
CC_CNT_INSTALMENT_MATURE_CUM_MIN,2,2
EMERGENCYSTATE_MODE_Yes,2,2
WALLSMATERIAL_MODE_Monolithic,2,2
ORGANIZATION_TYPE_Cleaning,1,1
ORGANIZATION_TYPE_Postal,1,1
ORGANIZATION_TYPE_Mobile,1,1
ELEVATORS_MEDI,1,1
LIVE_REGION_NOT_WORK_REGION,1,1
REG_REGION_NOT_LIVE_REGION,1,1
ORGANIZATION_TYPE_Telecom,1,1
EMERGENCYSTATE_MODE_No,1,1
WALLSMATERIAL_MODE_Mixed,1,1
ORGANIZATION_TYPE_University,1,1
PREV_CODE_REJECT_REASON_VERIF_MEAN,1,1
CLOSED_CNT_CREDIT_PROLONG_SUM,1,1
BURO_CNT_CREDIT_PROLONG_SUM,1,1
PREV_NAME_PORTFOLIO_Cars_MEAN,1,1
PREV_NAME_CONTRACT_TYPE_XNA_MEAN,1,1
CC_AMT_PAYMENT_TOTAL_CURRENT_MIN,1,1
CC_AMT_TOTAL_RECEIVABLE_SUM,1,1
FLAG_EMAIL,0,0
ORGANIZATION_TYPE_Culture,0,0
FLAG_DOCUMENT_10,0,0
FLAG_DOCUMENT_11,0,0
FLAG_DOCUMENT_12,0,0
CC_AMT_DRAWINGS_OTHER_CURRENT_MIN,0,0
FLAG_DOCUMENT_2,0,0
FLAG_DOCUMENT_4,0,0
FLAG_DOCUMENT_7,0,0
FLAG_CONT_MOBILE,0,0
ORGANIZATION_TYPE_Electricity,0,0
ORGANIZATION_TYPE_Emergency,0,0
ORGANIZATION_TYPE_Hotel,0,0
NAME_FAMILY_STATUS_Unknown,0,0
PREV_NAME_CASH_LOAN_PURPOSE_Hobby_MEAN,0,0
PREV_NAME_CASH_LOAN_PURPOSE_Journey_MEAN,0,0
BURO_STATUS_nan_MEAN_MEAN,0,0
PREV_FLAG_LAST_APPL_PER_CONTRACT_Y_MEAN,0,0
OCCUPATION_TYPE_Secretaries,0,0
PREV_NAME_GOODS_CATEGORY_Other_MEAN,0,0
PREV_NAME_GOODS_CATEGORY_Weapon_MEAN,0,0
BURO_CREDIT_CURRENCY_nan_MEAN,0,0
BURO_CREDIT_TYPE_nan_MEAN,0,0
PREV_NAME_GOODS_CATEGORY_Animals_MEAN,0,0
PREV_NAME_GOODS_CATEGORY_Education_MEAN,0,0
PREV_NAME_GOODS_CATEGORY_Fitness_MEAN,0,0
PREV_NAME_GOODS_CATEGORY_Gardening_MEAN,0,0
PREV_NAME_GOODS_CATEGORY_Insurance_MEAN,0,0
CC_NAME_CONTRACT_STATUS_Approved_MEAN,0,0
CC_NAME_CONTRACT_STATUS_Demand_MEAN,0,0
CLOSED_CREDIT_DAY_OVERDUE_MAX,0,0
PREV_NAME_SELLER_INDUSTRY_Tourism_MEAN,0,0
ORGANIZATION_TYPE_Advertising,0,0
NAME_TYPE_SUITE_Other_A,0,0
NAME_INCOME_TYPE_Businessman,0,0
PREV_CODE_REJECT_REASON_SYSTEM_MEAN,0,0
CLOSED_CREDIT_DAY_OVERDUE_MEAN,0,0
CLOSED_AMT_CREDIT_SUM_OVERDUE_MEAN,0,0
BURO_CREDIT_ACTIVE_nan_MEAN,0,0
FLAG_DOCUMENT_17,0,0
FLAG_DOCUMENT_19,0,0
FLAG_DOCUMENT_20,0,0
FLAG_DOCUMENT_21,0,0
AMT_REQ_CREDIT_BUREAU_HOUR,0,0
PREV_NAME_SELLER_INDUSTRY_Jewelry_MEAN,0,0
POS_NAME_CONTRACT_STATUS_Canceled_MEAN,0,0
WALLSMATERIAL_MODE_Wooden,0,0
POS_NAME_CONTRACT_STATUS_XNA_MEAN,0,0
POS_COUNT,0,0
ORGANIZATION_TYPE_Religion,0,0
ORGANIZATION_TYPE_Security,0,0
ORGANIZATION_TYPE_Services,0,0
FLOORSMIN_MEDI,0,0
ORGANIZATION_TYPE_Housing,0,0
ORGANIZATION_TYPE_Insurance,0,0
FLAG_DOCUMENT_9,0,0
CC_CNT_DRAWINGS_OTHER_CURRENT_SUM,0,0
CC_AMT_TOTAL_RECEIVABLE_MIN,0,0
FLAG_DOCUMENT_15,0,0
CC_CNT_DRAWINGS_OTHER_CURRENT_MIN,0,0
FLAG_DOCUMENT_14,0,0
FLAG_EMP_PHONE,0,0
REG_REGION_NOT_WORK_REGION,0,0
CC_NAME_CONTRACT_STATUS_Refused_MEAN,0,0
FLAG_MOBIL,0,0
ORGANIZATION_TYPE_XNA,0,0
NAME_INCOME_TYPE_Pensioner,0,0
NAME_INCOME_TYPE_Student,0,0
NAME_INCOME_TYPE_Unemployed,0,0
